JLAB Number,Reference Heat Load (Des),Reference Heat Load (Act),JT Valve Position,Start,End,MySampler Time Interval
2,48,47.07876,34,7/8/19 17:21:00,7/8/19 23:25:00,1
2,48,48.78361,31.5,7/9/19 10:07:00,7/9/19 15:30:00,1
2,48,48.63281,47,7/15/19 9:40:00,7/15/19 14:55:00,1
