{
    "08/03/22 15:42:36": {
        "Start Time": "08/03/22 15:42:36",
        "Calculated Heat vs dll/dt Slope": -9.036005035679486e-05,
        "Calculated Adjustment": -0.0012400092821997274,
        "Total Reference Heater Setpoint": 48.0,
        "Total Reference Heater Readback": 47.7,
        "JT Valve Position": 32.3
    },
    "10/25/22 17:21:51": {
        "Start Time": "10/25/22 17:21:51",
        "Calculated Heat vs dll/dt Slope": -7.862754267974191e-05,
        "Calculated Adjustment": 0.0016339745240375372,
        "Total Reference Heater Setpoint": 30.0,
        "Total Reference Heater Readback": 30.0,
        "JT Valve Position": 26.0
    },
    "01/18/23 11:35:28": {
        "Start Time": "01/18/23 11:35:28",
        "Calculated Heat vs dll/dt Slope": -0.00012735730243765997,
        "Calculated Adjustment": 0.011385342886380732,
        "Total Reference Heater Setpoint": 70.0,
        "Total Reference Heater Readback": 70.0,
        "JT Valve Position": 49.0
    }
}