{
    "08/11/22 15:08:39": {
        "Start Time": "08/11/22 15:08:39",
        "Calculated Heat vs dll/dt Slope": -0.0001075508185298274,
        "Calculated Adjustment": 0.006073725793914034,
        "Total Reference Heater Setpoint": 48.0,
        "Total Reference Heater Readback": 48.0,
        "JT Valve Position": 47.8
    }
}