{
    "08/11/22 14:43:12": {
        "Start Time": "08/11/22 14:43:12",
        "Calculated Heat vs dll/dt Slope": -8.651342966759296e-05,
        "Calculated Adjustment": 0.004322004841589408,
        "Total Reference Heater Setpoint": 48.0,
        "Total Reference Heater Readback": 48.0,
        "JT Valve Position": 47.4
    },
    "10/26/22 13:22:51": {
        "Start Time": "10/26/22 13:22:51",
        "Calculated Heat vs dll/dt Slope": -8.236184719398121e-05,
        "Calculated Adjustment": 0.0020362089867604835,
        "Total Reference Heater Setpoint": 30.0,
        "Total Reference Heater Readback": 30.0,
        "JT Valve Position": 44.5
    },
    "01/19/23 14:35:43": {
        "Start Time": "01/19/23 14:35:43",
        "Calculated Heat vs dll/dt Slope": 0.0003544744328448529,
        "Calculated Adjustment": -0.05979385141903383,
        "Total Reference Heater Setpoint": 70.5,
        "Total Reference Heater Readback": 70.5,
        "JT Valve Position": 65.5
    }
}