{
    "07/25/22 14:44:46": {
        "Start Time": "07/25/22 14:44:46",
        "Calculated Heat vs dll/dt Slope": -9.77803374318027e-05,
        "Calculated Adjustment": 0.007469461863674563,
        "Total Reference Heater Setpoint": 73.9937744140625,
        "Total Reference Heater Readback": 73.76206883357122,
        "JT Valve Position": 44.3
    },
    "07/26/22 08:08:16": {
        "Start Time": "07/26/22 08:08:16",
        "Calculated Heat vs dll/dt Slope": -8.350533587047269e-05,
        "Calculated Adjustment": 0.005290496750142892,
        "Total Reference Heater Setpoint": 73.9937744140625,
        "Total Reference Heater Readback": 73.82647010479194,
        "JT Valve Position": 44.3
    },
    "10/25/22 13:35:29": {
        "Start Time": "10/25/22 13:35:29",
        "Calculated Heat vs dll/dt Slope": -0.00011058840176314611,
        "Calculated Adjustment": 0.006951966057184754,
        "Total Reference Heater Setpoint": 48.0,
        "Total Reference Heater Readback": 48.0,
        "JT Valve Position": 40.0
    },
    "10/25/22 14:27:49": {
        "Start Time": "10/25/22 14:27:49",
        "Calculated Heat vs dll/dt Slope": -9.838897025194016e-05,
        "Calculated Adjustment": 0.005248707517415059,
        "Total Reference Heater Setpoint": 48.0,
        "Total Reference Heater Readback": 48.0,
        "JT Valve Position": 40.0
    }
}