{
    "10/24/22 16:52:31": {
        "Start Time": "10/24/22 16:52:31",
        "Calculated Heat vs dll/dt Slope": -0.00012791098693227328,
        "Calculated Adjustment": 0.010002731263647353,
        "Total Reference Heater Setpoint": 48.0,
        "Total Reference Heater Readback": 48.0,
        "JT Valve Position": 40.0
    },
    "10/25/22 18:29:08": {
        "Start Time": "10/25/22 18:29:08",
        "Calculated Heat vs dll/dt Slope": -0.00010059563443377798,
        "Calculated Adjustment": 0.005908814130088777,
        "Total Reference Heater Setpoint": 48.0,
        "Total Reference Heater Readback": 48.0,
        "JT Valve Position": 35.0
    }
}