{
    "07/28/22 17:16:45": {
        "Start Time": "07/28/22 17:16:45",
        "Calculated Heat vs dll/dt Slope": -8.382758719925921e-05,
        "Calculated Adjustment": 0.0029995317119989153,
        "Total Reference Heater Setpoint": 48.0,
        "Total Reference Heater Readback": 48.0,
        "JT Valve Position": 45.0
    },
    "08/05/22 15:35:12": {
        "Start Time": "08/05/22 15:35:12",
        "Calculated Heat vs dll/dt Slope": -0.0001444590471929085,
        "Calculated Adjustment": 0.01102952987980209,
        "Total Reference Heater Setpoint": 48.0,
        "Total Reference Heater Readback": 48.0,
        "JT Valve Position": 47.0
    }
}