{
    "10/25/22 15:38:29": {
        "Start Time": "10/25/22 15:38:29",
        "Calculated Heat vs dll/dt Slope": -9.232841320205086e-05,
        "Calculated Adjustment": -0.0004104228750946917,
        "Total Reference Heater Setpoint": 0.0,
        "Total Reference Heater Readback": 0.0,
        "JT Valve Position": 47.0
    },
    "10/26/22 08:35:54": {
        "Start Time": "10/26/22 08:35:54",
        "Calculated Heat vs dll/dt Slope": -9.361193780455311e-05,
        "Calculated Adjustment": -0.00012205756864979572,
        "Total Reference Heater Setpoint": 0.0,
        "Total Reference Heater Readback": 0.0,
        "JT Valve Position": 47.0
    },
    "11/18/22 12:44:02": {
        "Start Time": "11/18/22 12:44:02",
        "Calculated Heat vs dll/dt Slope": -9.768957611174682e-05,
        "Calculated Adjustment": 0.002811799350521447,
        "Total Reference Heater Setpoint": 48.0,
        "Total Reference Heater Readback": 48.0,
        "JT Valve Position": 50.0
    },
    "01/18/23 09:23:14": {
        "Start Time": "01/18/23 09:23:14",
        "Calculated Heat vs dll/dt Slope": -0.0001753497621362166,
        "Calculated Adjustment": 0.01854929096616556,
        "Total Reference Heater Setpoint": 70.0,
        "Total Reference Heater Readback": 70.0,
        "JT Valve Position": 61.0
    }
}