{
    "07/27/22 18:04:42": {
        "Start Time": "07/27/22 18:04:42",
        "Calculated Heat vs dll/dt Slope": -8.280169807795454e-05,
        "Calculated Adjustment": 0.0033084487011714467,
        "Total Reference Heater Setpoint": 48.0,
        "Total Reference Heater Readback": 47.93433763800009,
        "JT Valve Position": 62.0
    }
}