{
    "08/02/22 10:35:07": {
        "Start Time": "08/02/22 10:35:07",
        "Calculated Heat vs dll/dt Slope": -9.485760929709138e-05,
        "Calculated Adjustment": 0.0010234981055588718,
        "Total Reference Heater Setpoint": 0.0,
        "Total Reference Heater Readback": 0.0,
        "JT Valve Position": 55.0
    }
}