{
    "08/04/22 16:52:36": {
        "Start Time": "08/04/22 16:52:36",
        "Calculated Heat vs dll/dt Slope": -6.302788474690534e-05,
        "Calculated Adjustment": 0.0003188108351117637,
        "Total Reference Heater Setpoint": 48.0,
        "Total Reference Heater Readback": 48.0,
        "JT Valve Position": 51.8
    },
    "11/17/22 16:36:47": {
        "Start Time": "11/17/22 16:36:47",
        "Calculated Heat vs dll/dt Slope": -7.71557446159237e-05,
        "Calculated Adjustment": 0.0029164544550415276,
        "Total Reference Heater Setpoint": 48.0,
        "Total Reference Heater Readback": 48.0,
        "JT Valve Position": 47.0
    },
    "11/17/22 17:56:17": {
        "Start Time": "11/17/22 17:56:17",
        "Calculated Heat vs dll/dt Slope": -8.336995680216046e-05,
        "Calculated Adjustment": 0.0036272787332091603,
        "Total Reference Heater Setpoint": 48.0,
        "Total Reference Heater Readback": 48.0,
        "JT Valve Position": 47.0
    },
    "11/17/22 19:31:54": {
        "Start Time": "11/17/22 19:31:54",
        "Calculated Heat vs dll/dt Slope": -0.0003758019181291628,
        "Calculated Adjustment": 0.04101163745411256,
        "Total Reference Heater Setpoint": 48.0,
        "Total Reference Heater Readback": 48.0,
        "JT Valve Position": 47.0
    },
    "01/17/23 11:00:45": {
        "Start Time": "01/17/23 11:00:45",
        "Calculated Heat vs dll/dt Slope": 0.0006728580767057736,
        "Calculated Adjustment": -0.10538863239327728,
        "Total Reference Heater Setpoint": 67.5,
        "Total Reference Heater Readback": 67.5,
        "JT Valve Position": 52.8
    }
}