{
    "08/11/22 15:50:31": {
        "Start Time": "08/11/22 15:50:31",
        "Calculated Heat vs dll/dt Slope": -0.00011127610294532622,
        "Calculated Adjustment": 0.006034661992090325,
        "Total Reference Heater Setpoint": 48.0,
        "Total Reference Heater Readback": 48.0,
        "JT Valve Position": 48.0
    }
}