{
    "11/18/22 08:37:00": {
        "Start Time": "11/18/22 08:37:00",
        "Calculated Heat vs dll/dt Slope": -8.84706629197377e-05,
        "Calculated Adjustment": 0.004348539080932353,
        "Total Reference Heater Setpoint": 48.0,
        "Total Reference Heater Readback": 48.0,
        "JT Valve Position": 47.0
    },
    "01/18/23 08:59:45": {
        "Start Time": "01/18/23 08:59:45",
        "Calculated Heat vs dll/dt Slope": -5.9180205152998225e-06,
        "Calculated Adjustment": -0.006496270049207851,
        "Total Reference Heater Setpoint": 71.0,
        "Total Reference Heater Readback": 71.0,
        "JT Valve Position": 53.0
    }
}