{
    "11/18/22 08:37:00": {
        "Start Time": "11/18/22 08:37:00",
        "Calculated Heat vs dll/dt Slope": -8.84706629197377e-05,
        "Calculated Adjustment": 0.004348539080932353,
        "Total Reference Heater Setpoint": 48.0,
        "Total Reference Heater Readback": 48.0,
        "JT Valve Position": 47.0
    }
}