{
    "11/18/22 08:39:43": {
        "Start Time": "11/18/22 08:39:43",
        "Calculated Heat vs dll/dt Slope": -8.582312515082022e-05,
        "Calculated Adjustment": 0.004205869094961672,
        "Total Reference Heater Setpoint": 48.0,
        "Total Reference Heater Readback": 48.0,
        "JT Valve Position": 56.0
    }
}