Cavity,Gradient,JT Valve Position,Start,End,Reference Heat Load (Des),Reference Heat Load (Act),MySampler Time Interval
1,14.9,51.2,07/12/19 14:57:33,07/12/19 16:29:12,64,64.59786,1
1,13,46.8,07/16/19 18:31:36,07/16/19 19:25:57,48,48.58146,1
1,13,47,07/17/19 17:17:12,07/17/19 18:15:19,48,48.86997,1
1,13,47,07/17/19 18:36:05,07/17/19 19:23:45,48,48.86997,1
1,13,47.1,07/17/19 20:02:16,07/17/19 20:58:49,48,48.86997,1
1,13.0,47.0,07/17/19 21:11:31,07/17/19 21:59:38,48.0,48.869970000000016,1
1,13.0,47.0,07/17/19 22:14:49,07/17/19 23:07:55,48.0,48.869970000000016,1
