{
  "07/22/22 19:56:38": {
    "Total Reference Heater Setpoint": 48.0,
    "Total Reference Heater Readback": 47.77520908882232,
    "JT Valve Position": 26.0,
    "Start Time": "07/22/22 19:56:38",
    "End Time": "07/22/22 20:26:48",
    "Cavity Amplitudes": {
      "1": 16.6,
      "2": 16.6,
      "5": 16.6,
      "6": 16.6
    },
    "Calculated Adjusted Heat Load": 91.93657870097877,
    "Calculated Raw Heat Load": 88.77074166946434,
    "Calculated Adjustment": 3.165837031514428,
    "Calculated Q0": 11783331902.646454
  },
  "10/25/22 21:16:06": {
    "Start Time": "10/25/22 21:16:06",
    "Cavity Amplitudes": {
      "1": 16.6,
      "2": 16.6,
      "3": 16.6,
      "4": 16.6,
      "5": 16.6,
      "6": 16.6,
      "8": 16.6
    },
    "Calculated Adjusted Heat Load": 78.66060825838682,
    "Calculated Raw Heat Load": 138.4262561392687,
    "Calculated Adjustment": -59.765647880881886,
    "Calculated Q0": 23754953954.206333,
    "Calibration Used": "10/25/22 15:07:11"
  },
  "10/25/22 21:50:14": {
    "Start Time": "10/25/22 21:50:14",
    "Cavity Amplitudes": {
      "1": 16.6,
      "2": 16.6,
      "3": 16.6,
      "4": 16.6,
      "5": 16.6,
      "6": 16.6,
      "8": 16.6
    },
    "Calculated Adjusted Heat Load": 79.45511670308773,
    "Calculated Raw Heat Load": 141.0226433984325,
    "Calculated Adjustment": -61.56752669534478,
    "Calculated Q0": 23476988481.79836,
    "Calibration Used": "10/25/22 15:07:11"
  },
  "05/19/23 20:06:19": {
    "Start Time": "05/19/23 20:06:19",
    "Cavity Amplitudes": {
      "1": 16.6,
      "2": 16.6,
      "3": 16.6,
      "4": 16.6,
      "5": 16.6,
      "6": 16.6
    },
    "Calculated Adjusted Heat Load": 67.07709509245899,
    "Calculated Raw Heat Load": 67.0659163686528,
    "Calculated Adjustment": 0.011178723806196444,
    "Calculated Q0": 24356375875.542854,
    "Calibration Used": "05/18/23 23:07:34"
  },
  "05/19/23 21:03:13": {
    "Start Time": "05/19/23 21:03:13",
    "Cavity Amplitudes": {
      "1": 16.6,
      "2": 16.6,
      "3": 16.6,
      "4": 16.6,
      "5": 16.6,
      "8": 16.6
    },
    "Calculated Adjusted Heat Load": 74.09755455132519,
    "Calculated Raw Heat Load": 71.60166460537224,
    "Calculated Adjustment": 2.4958899459529533,
    "Calculated Q0": 22048702559.809963,
    "Calibration Used": "05/18/23 23:07:34"
  },
  "05/19/23 22:00:02": {
    "Start Time": "05/19/23 22:00:02",
    "Cavity Amplitudes": {
      "1": 16.6,
      "2": 16.6,
      "3": 16.6,
      "4": 16.6,
      "6": 16.6,
      "8": 16.6
    },
    "Calculated Adjusted Heat Load": 70.06603539494708,
    "Calculated Raw Heat Load": 69.7277850277183,
    "Calculated Adjustment": 0.3382503672287811,
    "Calculated Q0": 23317359566.619392,
    "Calibration Used": "05/18/23 23:07:34"
  },
  "05/19/23 23:31:21": {
    "Start Time": "05/19/23 23:31:21",
    "Cavity Amplitudes": {
      "1": 16.6,
      "2": 16.6,
      "3": 16.6,
      "5": 16.6,
      "6": 16.6,
      "8": 16.6
    },
    "Calculated Adjusted Heat Load": 71.58611010654008,
    "Calculated Raw Heat Load": 70.25727753610806,
    "Calculated Adjustment": 1.328832570432013,
    "Calculated Q0": 22822233786.414425,
    "Calibration Used": "05/18/23 23:07:34"
  },
  "05/22/23 12:39:06": {
    "Start Time": "05/22/23 12:39:06",
    "Cavity Amplitudes": {
      "1": 16.6,
      "2": 16.6,
      "4": 16.6,
      "5": 16.6,
      "6": 16.6,
      "8": 16.6
    },
    "Calculated Adjusted Heat Load": 68.30461723281701,
    "Calculated Raw Heat Load": 115.76573380510592,
    "Calculated Adjustment": -47.461116572288915,
    "Calculated Q0": 23918660361.462696,
    "Calibration Used": "05/22/23 10:45:49"
  },
  "05/22/23 14:20:40": {
    "Start Time": "05/22/23 14:20:40",
    "Cavity Amplitudes": {
      "1": 16.6,
      "3": 16.6,
      "4": 16.6,
      "5": 16.6,
      "6": 16.6,
      "8": 16.6
    },
    "Calculated Adjusted Heat Load": 73.28374049330095,
    "Calculated Raw Heat Load": 121.37859908019423,
    "Calculated Adjustment": -48.09485858689328,
    "Calculated Q0": 22293552836.059284,
    "Calibration Used": "05/22/23 10:45:49"
  }
}