{
    "08/04/22 19:44:24": {
        "Start Time": "08/04/22 19:44:24",
        "Cavity Amplitudes": {
            "1": 16.1,
            "2": 16.6,
            "3": 16.6,
            "4": 16.6
        },
        "Calculated Adjusted Heat Load": 52.24258121621668,
        "Calculated Raw Heat Load": 100.58593651656419,
        "Calculated Adjustment": -48.34335530034751,
        "Calculated Q0": 20267605354.214706,
        "Calibration Used": "08/04/22 18:31:51"
    },
    "08/04/22 20:19:48": {
        "Start Time": "08/04/22 20:19:48",
        "Cavity Amplitudes": {
            "5": 16.6,
            "6": 16.6,
            "7": 16.6,
            "8": 16.5
        },
        "Calculated Adjusted Heat Load": 58.24056977266747,
        "Calculated Raw Heat Load": 106.00482421407979,
        "Calculated Adjustment": -47.76425444141232,
        "Calculated Q0": 18469547333.21793,
        "Calibration Used": "08/04/22 18:31:51"
    },
    "08/04/22 21:07:54": {
        "Start Time": "08/04/22 21:07:54",
        "Cavity Amplitudes": {
            "1": 16.1,
            "2": 16.6,
            "3": 16.6,
            "4": 16.6
        },
        "Calculated Adjusted Heat Load": 50.32356301318815,
        "Calculated Raw Heat Load": 98.37254937794094,
        "Calculated Adjustment": -48.04898636475279,
        "Calculated Q0": 21039314065.57546,
        "Calibration Used": "08/04/22 18:31:51"
    },
    "08/04/22 21:31:42": {
        "Start Time": "08/04/22 21:31:42",
        "Cavity Amplitudes": {
            "5": 16.5,
            "7": 16.6,
            "8": 16.5
        },
        "Calculated Adjusted Heat Load": 47.135379142389354,
        "Calculated Raw Heat Load": 97.43678805608039,
        "Calculated Adjustment": -50.301408913691034,
        "Calculated Q0": 17024023003.580463,
        "Calibration Used": "08/04/22 18:31:51"
    },
    "10/25/22 22:16:58": {
        "Start Time": "10/25/22 22:16:58",
        "Cavity Amplitudes": {
            "1": 16.6,
            "2": 16.6,
            "3": 16.6,
            "4": 16.6,
            "5": 16.6,
            "6": 16.6,
            "7": 16.6,
            "8": 16.5
        },
        "Calculated Adjusted Heat Load": 69.8768944600007,
        "Calculated Raw Heat Load": 99.1481608331713,
        "Calculated Adjustment": -29.271266373170604,
        "Calculated Q0": 30309482406.60805,
        "Calibration Used": "10/25/22 18:39:12"
    },
    "10/25/22 22:40:32": {
        "Start Time": "10/25/22 22:40:32",
        "Cavity Amplitudes": {
            "1": 16.6,
            "2": 16.6,
            "3": 16.6,
            "4": 16.6,
            "5": 16.6,
            "6": 16.6,
            "7": 16.6,
            "8": 16.5
        },
        "Calculated Adjusted Heat Load": 68.98110311232053,
        "Calculated Raw Heat Load": 99.20521836377408,
        "Calculated Adjustment": -30.224115251453554,
        "Calculated Q0": 30677474380.55343,
        "Calibration Used": "10/25/22 18:39:12"
    }
}