{
    "11/18/22 14:19:51": {
        "Start Time": "11/18/22 14:19:51",
        "Cavity Amplitudes": {
            "1": 16.6,
            "2": 16.6,
            "5": 16.6,
            "6": 16.6
        },
        "Calculated Adjusted Heat Load": 49.168451400146225,
        "Calculated Raw Heat Load": 97.60549995570382,
        "Calculated Adjustment": -48.437048555557595,
        "Calculated Q0": 22151805262.491333,
        "Calibration Used": "11/18/22 12:44:02"
    },
    "11/18/22 14:57:15": {
        "Start Time": "11/18/22 14:57:15",
        "Cavity Amplitudes": {
            "1": 16.6,
            "2": 16.6,
            "5": 16.6,
            "6": 16.6
        },
        "Calculated Adjusted Heat Load": 46.702728105277956,
        "Calculated Raw Heat Load": 96.82605988766204,
        "Calculated Adjustment": -50.123331782384085,
        "Calculated Q0": 23321334848.343037,
        "Calibration Used": "11/18/22 12:44:02"
    }
}