{
    "11/17/22 23:29:42": {
        "Start Time": "11/17/22 23:29:42",
        "Cavity Amplitudes": {
            "1": 16.0,
            "4": 16.6,
            "5": 16.6,
            "7": 16.6,
            "8": 16.6
        },
        "Calculated Adjusted Heat Load": 25.86406484201423,
        "Calculated Raw Heat Load": 76.73845932409536,
        "Calculated Adjustment": -50.87439448208113,
        "Calculated Q0": 51891858280.97608,
        "Calibration Used": "11/17/22 18:57:32"
    },
    "05/19/23 10:49:49": {
        "Start Time": "05/19/23 10:49:49",
        "Cavity Amplitudes": {
            "1": 16.0,
            "4": 16.6,
            "5": 10.0,
            "7": 16.6,
            "8": 16.6
        },
        "Calculated Adjusted Heat Load": 34.50136255213499,
        "Calculated Raw Heat Load": 82.88256954631305,
        "Calculated Adjustment": -48.38120699417806,
        "Calculated Q0": 38900909647.37059,
        "Calibration Used": "05/19/23 08:56:52"
    },
    "05/19/23 11:25:36": {
        "Start Time": "05/19/23 11:25:36",
        "Cavity Amplitudes": {
            "1": 16.0,
            "4": 16.6,
            "5": 16.6,
            "7": 16.6,
            "8": 16.6
        },
        "Calculated Adjusted Heat Load": 38.29194835345176,
        "Calculated Raw Heat Load": 87.22782970315617,
        "Calculated Adjustment": -48.93588134970442,
        "Calculated Q0": 35050041720.6061,
        "Calibration Used": "05/19/23 08:56:52"
    },
    "05/19/23 12:01:31": {
        "Start Time": "05/19/23 12:01:31",
        "Cavity Amplitudes": {
            "1": 16.0,
            "4": 16.6,
            "5": 16.6,
            "7": 16.6,
            "8": 16.6
        },
        "Calculated Adjusted Heat Load": 38.39248114722312,
        "Calculated Raw Heat Load": 86.90227744278768,
        "Calculated Adjustment": -48.509796295564556,
        "Calculated Q0": 34958261285.72191,
        "Calibration Used": "05/19/23 08:56:52"
    }
}