{
    "11/17/22 23:29:42": {
        "Start Time": "11/17/22 23:29:42",
        "Cavity Amplitudes": {
            "1": 16.0,
            "4": 16.6,
            "5": 16.6,
            "7": 16.6,
            "8": 16.6
        },
        "Calculated Adjusted Heat Load": 25.86406484201423,
        "Calculated Raw Heat Load": 76.73845932409536,
        "Calculated Adjustment": -50.87439448208113,
        "Calculated Q0": 51891858280.97608,
        "Calibration Used": "11/17/22 18:57:32"
    }
}