{
    "08/04/22 19:50:38": {
        "Start Time": "08/04/22 19:50:38",
        "Cavity Amplitudes": {
            "1": 16.6,
            "2": 16.6,
            "3": 16.6,
            "4": 16.6
        },
        "Calculated Adjusted Heat Load": 45.88289954942245,
        "Calculated Raw Heat Load": 97.16810176851145,
        "Calculated Adjustment": -51.285202219089,
        "Calculated Q0": 23838713508.121696,
        "Calibration Used": "08/04/22 17:03:27"
    },
    "08/04/22 21:14:47": {
        "Start Time": "08/04/22 21:14:47",
        "Cavity Amplitudes": {
            "5": 16.6,
            "6": 16.6,
            "7": 16.6,
            "8": 16.6
        },
        "Calculated Adjusted Heat Load": 36.542059722453416,
        "Calculated Raw Heat Load": 89.14497059069707,
        "Calculated Adjustment": -52.602910868243654,
        "Calculated Q0": 29979303750.98159,
        "Calibration Used": "08/04/22 17:03:27"
    },
    "08/04/22 22:20:24": {
        "Start Time": "08/04/22 22:20:24",
        "Cavity Amplitudes": {
            "1": 16.6,
            "2": 16.6,
            "3": 16.6,
            "4": 16.6
        },
        "Calculated Adjusted Heat Load": 52.6169180519385,
        "Calculated Raw Heat Load": 94.54107397772331,
        "Calculated Adjustment": -41.92415592578482,
        "Calculated Q0": 20738539144.77092,
        "Calibration Used": "08/04/22 17:03:27"
    },
    "08/04/22 22:56:21": {
        "Start Time": "08/04/22 22:56:21",
        "Cavity Amplitudes": {
            "5": 16.6,
            "6": 16.6,
            "7": 16.6,
            "8": 16.6
        },
        "Calculated Adjusted Heat Load": 40.652212728902185,
        "Calculated Raw Heat Load": 90.85484182528455,
        "Calculated Adjustment": -50.20262909638237,
        "Calculated Q0": 26922548307.141212,
        "Calibration Used": "08/04/22 17:03:27"
    }
}