{
    "08/04/22 20:08:42": {
        "Start Time": "08/04/22 20:08:42",
        "Cavity Amplitudes": {
            "1": 16.5,
            "2": 16.6,
            "3": 16.6,
            "5": 16.6,
            "7": 16.6
        },
        "Calculated Adjusted Heat Load": 62.78447829339585,
        "Calculated Raw Heat Load": 103.09047116450917,
        "Calculated Adjustment": -40.30599287111332,
        "Calculated Q0": 21682798851.38391,
        "Calibration Used": "08/04/22 16:52:36"
    },
    "08/04/22 20:44:07": {
        "Start Time": "08/04/22 20:44:07",
        "Cavity Amplitudes": {
            "1": 16.5,
            "2": 16.6,
            "3": 16.6,
            "5": 16.6,
            "7": 16.6
        },
        "Calculated Adjusted Heat Load": 61.603496509730746,
        "Calculated Raw Heat Load": 102.93098243562179,
        "Calculated Adjustment": -41.32748592589104,
        "Calculated Q0": 22080043615.80709,
        "Calibration Used": "08/04/22 16:52:36"
    }
}