{
    "08/11/22 16:57:57": {
        "Start Time": "08/11/22 16:57:57",
        "Cavity Amplitudes": {
            "1": 16.6,
            "2": 16.6,
            "3": 16.6,
            "4": 16.6
        },
        "Calculated Adjusted Heat Load": 79.62224436991517,
        "Calculated Raw Heat Load": 124.72684514306353,
        "Calculated Adjustment": -45.10460077314836,
        "Calculated Q0": 13687425135.345232,
        "Calibration Used": "08/11/22 15:50:23"
    },
    "08/11/22 18:32:12": {
        "Start Time": "08/11/22 18:32:12",
        "Cavity Amplitudes": {
            "5": 16.6,
            "6": 16.6,
            "7": 16.6,
            "8": 16.6
        },
        "Calculated Adjusted Heat Load": -1374.5878072614855,
        "Calculated Raw Heat Load": -1327.9626186744852,
        "Calculated Adjustment": -46.62518858700025,
        "Calculated Q0": -792252297.8535428,
        "Calibration Used": "08/11/22 15:50:23"
    },
    "08/11/22 19:33:30": {
        "Start Time": "08/11/22 19:33:30",
        "Cavity Amplitudes": {
            "8": 16.5
        },
        "Calculated Adjusted Heat Load": -41.6161837208415,
        "Calculated Raw Heat Load": 28.70472802539225,
        "Calculated Adjustment": -70.32091174623375,
        "Calculated Q0": -6462640782.874601,
        "Calibration Used": "08/11/22 15:50:23"
    },
    "08/11/22 21:53:09": {
        "Start Time": "08/11/22 21:53:09",
        "Cavity Amplitudes": {
            "3": 16.6,
            "5": 16.6,
            "6": 16.6,
            "7": 16.6
        },
        "Calculated Adjusted Heat Load": 71.99206022784924,
        "Calculated Raw Heat Load": 123.03127112319541,
        "Calculated Adjustment": -51.03921089534617,
        "Calculated Q0": 15146204666.357761,
        "Calibration Used": "08/11/22 15:50:23"
    },
    "08/11/22 22:35:32": {
        "Start Time": "08/11/22 22:35:32",
        "Cavity Amplitudes": {
            "1": 16.6,
            "2": 16.6,
            "3": 16.6,
            "4": 16.6
        },
        "Calculated Adjusted Heat Load": 94.64988176334099,
        "Calculated Raw Heat Load": 144.6955976375983,
        "Calculated Adjustment": -50.04571587425731,
        "Calculated Q0": 11516649068.228178,
        "Calibration Used": "08/11/22 15:50:23"
    },
    "08/11/22 23:37:57": {
        "Start Time": "08/11/22 23:37:57",
        "Cavity Amplitudes": {
            "4": 16.6,
            "7": 16.6,
            "8": 13.5
        },
        "Calculated Adjusted Heat Load": -3.4454700018221516,
        "Calculated Raw Heat Load": 52.190613184453646,
        "Calculated Adjustment": -55.6360831862758,
        "Calculated Q0": -207742392607.19595,
        "Calibration Used": "08/11/22 15:50:23"
    },
    "08/12/22 21:24:43": {
        "Start Time": "08/12/22 21:24:43",
        "Cavity Amplitudes": {
            "8": 16.6
        },
        "Calculated Adjusted Heat Load": -18.409663339614823,
        "Calculated Raw Heat Load": 30.17253145028039,
        "Calculated Adjustment": -48.58219478989521,
        "Calculated Q0": -14781979581.370056,
        "Calibration Used": "08/11/22 15:50:23"
    }
}