{
    "08/12/22 12:45:45": {
        "Start Time": "08/12/22 12:45:45",
        "Cavity Amplitudes": {
            "2": 16.6,
            "3": 16.6,
            "4": 16.6,
            "6": 16.6,
            "7": 16.6
        },
        "Calculated Adjusted Heat Load": 67.49329161096372,
        "Calculated Raw Heat Load": 114.06026702256712,
        "Calculated Adjustment": -46.566975411603394,
        "Calculated Q0": 20217591693.282673,
        "Calibration Used": "08/11/22 15:50:31"
    },
    "08/12/22 13:47:20": {
        "Start Time": "08/12/22 13:47:20",
        "Cavity Amplitudes": {
            "2": 16.6,
            "3": 16.6,
            "4": 16.6,
            "6": 16.6,
            "7": 16.6
        },
        "Calculated Adjusted Heat Load": 71.29396695311051,
        "Calculated Raw Heat Load": 116.36530971994688,
        "Calculated Adjustment": -45.071342766836366,
        "Calculated Q0": 19147246800.94432,
        "Calibration Used": "08/11/22 15:50:31"
    },
    "08/12/22 14:48:05": {
        "Start Time": "08/12/22 14:48:05",
        "Cavity Amplitudes": {
            "2": 16.6,
            "3": 16.6,
            "4": 16.6,
            "6": 16.6,
            "7": 16.6
        },
        "Calculated Adjusted Heat Load": 72.60766081337599,
        "Calculated Raw Heat Load": 118.0497350614729,
        "Calculated Adjustment": -45.442074248096915,
        "Calculated Q0": 18805772520.243053,
        "Calibration Used": "08/11/22 15:50:31"
    },
    "11/17/22 23:19:30": {
        "Start Time": "11/17/22 23:19:30",
        "Cavity Amplitudes": {
            "2": 16.6,
            "3": 16.6,
            "4": 16.6,
            "6": 16.6,
            "7": 16.6
        },
        "Calculated Adjusted Heat Load": 60.86181812873767,
        "Calculated Raw Heat Load": 107.43378136980652,
        "Calculated Adjustment": -46.57196324106886,
        "Calculated Q0": 22451057036.335407,
        "Calibration Used": "11/17/22 18:56:27"
    },
    "11/17/22 23:58:46": {
        "Start Time": "11/17/22 23:58:46",
        "Cavity Amplitudes": {
            "2": 16.6,
            "3": 16.6,
            "4": 16.6,
            "6": 16.6,
            "7": 16.6
        },
        "Calculated Adjusted Heat Load": 63.307406270434186,
        "Calculated Raw Heat Load": 111.4475549511828,
        "Calculated Adjustment": -48.14014868074861,
        "Calculated Q0": 21583901023.79408,
        "Calibration Used": "11/17/22 18:56:27"
    },
    "05/22/23 11:23:04": {
        "Start Time": "05/22/23 11:23:04",
        "Cavity Amplitudes": {
            "1": 0.0,
            "2": 16.6,
            "3": 16.6,
            "4": 16.6,
            "5": 10.3,
            "6": 16.6,
            "7": 16.6,
            "8": 0.0
        },
        "Calculated Adjusted Heat Load": 51.90157054984995,
        "Calculated Raw Heat Load": 105.21770236634599,
        "Calculated Adjustment": -53.31613181649604,
        "Calculated Q0": 28251446938.293118,
        "Calibration Used": "05/22/23 09:43:48"
    }
}