{
    "07/28/22 20:10:22": {
        "Start Time": "07/28/22 20:10:22",
        "Cavity Amplitudes": {
            "1": 16.6,
            "2": 16.6,
            "3": 16.6,
            "4": 16.6
        },
        "Calculated Adjusted Heat Load": 67.42856002438819,
        "Calculated Raw Heat Load": 110.85373552482409,
        "Calculated Adjustment": -43.4251755004359,
        "Calculated Q0": 16094964797.392447,
        "Calibration Used": "07/28/22 18:39:21"
    }
}